DATA,PD_1360,PD_46851,PD_58191,PD_38718,PD_46846,PD_16731,PD_26529,PD_21653,PD_1359,PD_53172,PD_45276,PD_10183,PD_26175,PD_23776,PD_50589,PD_29585,PD_12318,PD_55618,PD_26603,PD_54032,PD_21638,PD_46844,PD_11895,PD_50595,PD_3518,PD_10086,PD_35859,PD_50588,PD_47445,PD_43001,PD_30283,PD_28360,PD_57537,PD_21417,PD_47891,PD_50590,PD_1354,PD_14149,PD_21568,PD_16763,PD_30702,PD_14144,PD_50587,PD_44681,PD_30816,PD_52170,PD_22683,PD_39668,PD_30802,PD_13969,PD_18691,PD_55451,PD_30817,PD_49141,PD_12388,PD_1357,PD_3604,PD_30282,PD_21500,PD_17422,PD_16728,PD_38717,PD_29666,PD_60656,PD_2757,PD_44682,PD_44684,PD_39667,PD_1356,PD_39665,PD_50360,PD_49140,PD_57117,PD_11587,PD_14138,PD_30818,PD_22886,PD_46310,PD_47711,PD_46212,PD_51233,PD_49142,PD_14137,PD_17421,PD_28530,PD_11013,PD_53189,PD_11275,PD_21486,PD_11782,PD_3602,PD_14136,PD_52099,PD_44683,PD_58152,PD_21586,PD_7017,PD_3603,PD_29563,PD_14148,PD_39666,PD_46299,PD_52154,PD_31799,PD_31800,PD_50219,PD_39351,PD_39663,PD_39664,PD_35273,PD_53484,PD_51113,PD_17426,PD_26890,PD_22133,PD_17891,PD_50357,PD_17424,PD_58168,PD_52185,PD_17420,PD_28509,PD_50220,PD_52183,PD_43170,PD_46298,PD_28531,PD_30870,PD_7548,PD_22684,PD_21466,PD_29561,PD_41942,PD_21467,PD_14147,PD_17417,PD_7546,PD_56196,PD_17892,PD_17893,PD_41108,PD_48916,PD_43145,PD_1377,PD_17895,PD_41944,PD_1350,PD_35276,PD_36033,PD_52169,PD_21603,PD_50671,PD_22137,PD_22682,PD_21604,PD_43144,PD_34735,PD_15054,PD_35272,PD_49533,PD_52186,PD_18865,PD_43169,PD_30803,PD_10002,PD_21656,PD_50361,PD_22104,PD_53973,PD_50757,PD_3457,PD_7016,PD_49218,PD_8904,PD_50901,PD_21588,PD_16730,PD_53034,PD_7549,PD_34358,PD_39414,PD_9426,PD_55043,PD_3793,PD_18449,PD_19836,PD_21196,PD_21587,PD_20105,PD_21468,PD_17890,PD_47058,PD_17418,PD_17888,PD_28110,PD_18503,PD_21602,PD_17894,PD_53869,PD_50359,PD_21197,PD_46297,PD_22136,PD_35275,PD_37926,PD_50356,PD_17416,PD_43143,PD_11385,PD_27406,PD_17415,PD_17423,PD_17414,PD_3605,PD_18856,PD_29705,PD_17254,PD_10009,PD_10001,PD_11348,PD_10010,PD_3607,PD_3606,PD_2639,PD_10008,PD_6791,PD_2896,PD_2897,PD_2564,PD_8554,PD_41107,PD_17411,PD_17412,PD_51306,PD_17889,PD_17410,PD_34734,PD_11252,PD_35274,PD_17413
2013-01,0,0,0,0,0,0,0,750,0,0,0,0,0,0,0,611,3200,0,7760,0,0,0,0,0,0,0,0,0,0,0,532,0,0,0,0,0,0,4290,4420,8280,13992,3740,0,0,1275,0,39300,0,0,2730,0,0,3216,0,0,0,0,108,15950,400,2660,0,0,0,0,0,0,0,0,0,0,0,0,7920,0,119,0,0,0,0,0,0,6317,0,52200,0,0,0,19300,92700,0,10460,0,0,0,19920,23550,0,3468,10580,0,0,0,0,0,0,0,0,0,0,0,0,1245,21264,49840,15264,0,30640,0,0,8700,16311,0,0,0,0,110540,0,0,85620,18792,11220,0,14508,25520,22480,51990,0,15108,24396,0,0,0,200,13248,0,0,0,0,0,142200,0,55600,31440,171280,0,0,36431,0,0,0,37308,0,0,4510,0,0,187520,0,0,0,12640,0,181980,0,174045,168720,0,0,0,0,54600,0,0,78000,28200,145149,111700,96280,91700,98448,0,4680,120372,0,589190,426000,106716,0,0,181850,0,199120,0,5874800,0,301800,0,177530,25995,880480,620,269300,159237,194916,713496,353720,493850,304232,504432,559614,594024,670829,659667,595904,4078726,2595651,2624539,1448668,15697360,0,2517060,973880,0,199788,1308181,0,144000,0,429940
2013-02,0,0,0,0,0,0,0,1874,0,0,0,0,0,0,0,321,2400,0,500,0,0,0,0,0,0,0,0,0,0,0,0,0,0,0,0,0,0,0,2480,0,27912,60,0,0,30,0,39105,0,0,2805,0,0,0,0,0,0,0,0,8259,4300,2220,0,0,0,0,0,0,0,0,0,0,0,0,0,127,255,0,0,0,0,0,0,0,0,57232,0,0,0,11940,86620,0,8960,0,0,0,0,1695,0,8808,9310,0,0,0,19620,7128,0,0,0,0,0,0,0,2895,16740,43220,15936,0,13400,0,0,7160,13188,0,0,0,0,54200,0,0,71160,16224,25428,0,14424,28820,29080,77985,0,11460,20676,0,0,0,20,10452,0,0,0,0,0,119780,0,53920,26080,153660,0,0,50643,0,0,0,32196,0,0,4355,0,0,128460,0,0,0,25880,0,77985,0,103980,96280,0,0,0,0,50265,0,0,78000,0,74979,127460,60000,82860,74904,0,0,103824,0,272220,390460,103908,0,0,133944,0,263460,0,2469949,0,602180,0,185980,26010,528440,49960,228140,92694,217332,494076,216520,398240,60880,489438,628256,668044,834729,281351,651810,3502028,2339317,2375288,1746739,0,0,2307440,767962,0,117252,1177620,0,192000,0,425560
2013-03,0,0,0,0,0,0,0,540,0,0,0,0,0,0,0,888,4680,0,2340,0,0,0,0,0,12,0,0,0,0,0,0,0,0,0,0,0,0,6510,0,12180,38460,0,0,0,450,0,44565,0,0,3555,0,0,0,0,0,0,0,0,7051,1100,2880,0,0,0,0,0,0,0,0,0,0,0,0,6000,0,2142,0,0,0,0,0,0,15160,0,52280,0,0,0,12200,55980,0,5620,0,0,0,48360,4365,0,7788,11250,0,0,0,19344,9060,0,0,0,0,0,0,0,10020,14472,62320,20208,0,24200,0,0,11540,13160,0,0,0,0,56540,0,0,69480,16920,29136,0,14604,11120,45840,25995,0,17556,25068,0,0,0,0,10596,0,0,0,0,0,115520,0,76880,29300,142920,0,0,15262,0,0,0,32364,0,0,0,0,0,176880,0,0,0,47760,0,103980,0,123975,121380,0,0,0,0,55260,0,0,52000,34600,238188,118040,58000,85260,95196,0,350080,86292,0,514190,492140,65472,0,0,270137,0,298620,0,0,0,364220,0,112700,0,236580,46240,214120,162792,131964,479208,296500,443810,79990,570960,672940,728260,948552,487349,702220,3762700,2450470,2529512,1618494,15410330,0,2719844,1036428,0,152880,1208232,0,144984,0,410600
2013-04,0,0,0,0,0,0,0,720,0,0,0,0,0,0,0,1321,1920,0,1920,0,0,0,0,0,22,0,0,0,0,0,0,0,0,0,0,0,0,2480,4520,40540,18576,1720,0,0,6270,0,46980,0,0,3450,0,0,0,0,0,0,0,0,8904,3640,3960,0,0,0,0,0,0,0,0,0,0,0,0,0,0,510,0,0,0,0,0,0,0,0,50384,0,0,0,18360,61040,0,14960,0,0,0,5000,6435,0,11472,14510,0,0,0,24252,10296,0,0,0,0,0,0,0,7695,14388,52360,12780,0,16940,0,0,13740,16625,0,0,0,0,108750,0,0,58060,16020,33732,0,15012,31680,48160,77985,0,10620,20760,0,0,0,0,8808,0,0,0,0,0,107160,0,75840,29820,139700,0,0,26261,0,0,0,33900,0,0,4100,0,0,274360,0,0,0,13120,0,103980,0,129975,83840,0,0,0,0,62835,0,0,78000,0,83928,154780,59600,85500,96408,0,112300,103104,0,666090,473220,96036,0,0,111691,0,312060,0,0,0,344900,0,177340,3615,161440,108260,214000,162848,259548,581484,371800,421020,120300,576342,607320,777337,904371,395420,681950,4329940,2504566,2628209,1947461,16167150,0,2799840,1158880,0,92976,1186960,0,96000,0,459260
2013-05,0,0,0,0,0,0,0,0,0,0,0,0,0,0,0,822,580,0,4200,0,650,0,0,0,1106,0,0,0,0,0,0,0,0,2740,0,0,0,6170,1540,0,8352,1900,0,0,0,0,11985,0,9120,3270,0,0,0,0,0,0,0,0,7509,6620,3300,0,0,0,0,0,0,0,0,0,0,0,0,1992,0,0,0,0,0,0,0,0,6136,0,9416,0,0,0,11280,41560,0,9720,0,0,0,0,6540,0,11808,8750,0,0,0,21864,12120,0,0,0,0,0,0,0,0,20904,37240,10392,0,26980,0,0,12000,18200,0,0,0,0,75170,0,0,51980,13464,31284,0,15024,21220,8860,103980,0,7848,21504,0,0,0,52300,7812,0,0,0,0,0,82780,0,25040,33540,104920,0,0,74966,0,0,0,19836,0,28680,8220,0,0,264100,0,0,0,37560,0,103980,0,205965,126306,0,0,0,0,65730,0,0,78000,380,126786,171860,104620,95900,101868,0,29300,95760,242100,666330,360260,96852,0,0,151934,0,304267,0,0,0,361400,0,142000,1395,201640,33740,251240,134465,214356,433992,391000,512640,104840,573606,507460,728381,805995,380040,654325,4591220,2645455,2792591,1484709,15569960,0,2610160,1054360,0,241740,1190010,0,192984,0,502660
2013-06,10,0,0,0,0,16000,0,0,0,0,0,0,21421,0,0,984,8040,0,0,0,0,0,635,0,42,0,0,0,0,0,0,0,0,0,0,0,0,5440,4300,83960,10080,0,0,0,0,0,0,0,11860,2895,0,0,0,0,0,0,0,0,1150,6820,2280,0,0,0,0,0,0,0,0,0,0,0,0,8016,0,0,0,0,0,0,0,0,9820,0,6048,0,0,0,10960,2020,0,11140,0,0,0,61200,1485,0,11868,8690,0,0,0,21408,8892,0,0,0,0,0,0,0,0,13998,51160,14208,0,15700,0,0,16120,16100,0,0,0,0,94752,0,77985,64720,21360,30876,0,16320,23526,7500,77985,0,12888,23988,0,0,0,60760,17820,0,0,0,0,0,101280,0,37440,32220,95240,0,0,16893,0,0,0,36252,0,40455,470,0,0,217940,0,0,0,50820,0,77985,0,99975,112900,0,103980,0,0,60060,0,0,78000,39400,65762,160180,81000,91880,90060,0,261280,96924,0,635850,380680,103020,0,0,100944,0,293740,0,0,0,517040,0,163390,82365,53660,37420,259562,170267,133332,0,351640,433540,194360,630900,540310,763810,913716,555376,613120,4377905,2429325,2376544,1363126,15493170,0,2378960,1204400,0,475716,1064492,0,210600,0,496320
2013-07,0,0,0,0,0,35855,0,0,0,0,0,0,0,0,0,1052,1620,0,3280,0,0,0,0,0,1000,0,750,0,0,0,0,0,0,0,0,0,0,0,1100,6840,12024,4200,0,0,0,0,0,0,10860,3585,0,0,0,0,0,0,0,0,18062,6080,3480,0,0,11076,0,0,0,0,0,0,0,0,0,0,0,0,0,0,0,0,0,0,8892,0,17176,0,0,0,17460,38580,0,8760,0,0,0,59740,9015,0,16956,13370,0,0,0,29328,13608,0,0,0,0,0,0,0,0,14730,27000,14928,0,22940,0,0,19640,22148,0,0,0,0,88070,0,24105,70320,19896,37080,0,20172,21860,30880,52740,0,14076,24816,0,0,0,-7600,16248,0,0,0,0,0,103020,0,68780,46220,101200,0,0,22010,0,0,0,41808,0,46365,0,0,0,233980,0,0,0,49080,0,56880,0,144225,150440,0,155970,6940,0,70590,0,0,52000,53140,92210,206920,121180,109160,91128,0,64080,110184,0,759930,365980,90168,0,0,138647,0,308940,0,0,0,637140,0,110470,112005,434060,26440,297960,179124,206724,181944,386020,478880,112680,780948,552070,827679,936769,553307,607230,4589850,2657437,2727620,1744310,17077860,0,2417600,1172800,0,442884,1226740,129960,120000,0,540960
2013-08,0,0,0,0,0,0,0,0,0,0,0,0,0,0,0,1053,2800,0,2580,0,0,0,-33,0,0,0,26110,0,0,0,0,0,0,0,0,0,0,4230,3610,60,9084,0,0,0,0,0,0,0,10240,2565,0,0,0,0,0,0,0,0,3225,6440,2980,0,0,7632,0,0,0,0,0,0,0,0,0,0,0,0,0,0,0,0,0,0,0,0,32,0,0,0,13820,35720,0,9820,0,0,0,65020,8865,0,15156,10100,0,0,0,26928,13560,0,0,0,0,0,0,0,285,14382,17920,13224,0,138360,0,0,14740,20706,0,0,0,0,36500,0,0,70520,17844,36588,0,19548,16720,5000,103980,0,15300,24924,0,0,0,740,22488,0,0,0,0,0,90040,0,111920,48520,74420,0,0,28776,0,0,0,43056,0,46755,0,0,0,217160,0,0,0,62740,0,103980,0,103980,152880,0,285945,48760,0,68115,0,0,104000,63660,70254,174140,64078,112920,93228,0,112060,92916,0,529740,257500,81096,0,0,124949,0,275520,0,0,0,490800,0,144700,155970,408940,22580,316920,246974,191004,180432,355340,433860,113340,723654,484770,752144,835584,756629,602440,4033580,2593712,2600522,1095807,16873340,0,2225380,994960,0,462240,1176220,154956,24000,0,482380
2013-09,0,0,0,0,0,0,0,0,0,0,0,0,0,0,0,1608,3780,0,2360,0,0,0,0,0,0,0,43470,0,0,0,0,0,0,0,0,0,0,3160,1820,0,10860,3920,0,0,0,0,0,0,9220,3255,0,0,0,0,0,0,0,0,14646,7940,4960,0,0,7860,0,0,0,0,0,0,0,0,0,4992,0,0,0,0,0,0,0,0,16640,0,21032,0,0,0,15560,28680,0,10280,0,0,0,69640,6930,0,12516,10660,0,0,0,27216,13320,0,0,0,0,0,0,0,720,13584,21600,19608,0,23640,0,0,19420,25719,0,0,0,0,300,5271,0,71900,17448,36492,0,15828,20540,10900,51990,0,15648,27852,0,0,0,1080,24060,0,0,0,0,0,93400,0,57020,41740,87500,0,0,23942,0,0,0,45300,0,43050,0,0,0,211720,0,0,0,57700,0,77985,0,129975,134160,0,181965,53760,0,60195,0,0,78000,80680,66109,166300,55000,97720,100200,0,94800,112236,0,82570,288400,105420,0,0,98586,0,263880,0,0,0,569300,0,152710,254955,437740,44260,281040,141033,135672,229644,317100,396770,100464,720306,471460,607673,640639,505794,624030,4257360,2484094,2533538,1269224,14402670,0,2251159,1055080,0,407196,987345,77976,168000,0,450980
2013-10,46290,0,0,0,0,0,0,0,57037,0,0,0,0,0,0,1136,2700,0,4020,0,0,0,0,0,0,0,32780,0,0,0,0,0,0,0,0,0,132889,2970,2160,0,3996,0,0,0,0,0,0,0,11360,4935,0,0,0,0,0,264106,0,0,15910,23980,5340,0,0,9616,0,0,0,0,380026,0,0,0,0,20004,0,0,0,0,0,0,0,0,420,0,18240,0,0,0,20660,38400,0,14160,0,0,0,10020,8685,0,14772,13330,0,0,0,30516,16764,0,0,0,0,0,0,0,4050,14916,35520,19152,0,6960,0,0,20260,30413,0,0,0,0,230,89460,0,79920,18600,43332,0,16812,34300,64720,87975,0,17016,31788,0,0,0,347794,16992,0,1821907,0,0,0,95346,0,125440,43980,108540,0,0,97579,0,0,0,47304,0,46185,20420,0,0,203540,0,0,0,86400,0,103980,0,100035,147500,0,259950,64240,0,68430,0,0,78000,32168,65641,182340,154000,103940,99744,0,14080,119076,0,0,335760,99900,0,0,94385,0,267500,0,0,0,374510,0,107620,104190,227275,17720,307380,262076,111576,130020,338940,460240,64360,905742,538800,616096,762550,946228,676720,4301787,2384425,2454316,1311695,16016860,0,2462682,1105074,0,324564,1294089,182040,120000,0,447360
2013-11,0,0,0,0,0,0,0,25995,0,0,0,0,0,0,0,1080,1640,0,1280,0,0,0,0,0,7150,0,240,0,0,0,152,0,0,0,0,0,0,3420,2800,0,0,4217,0,0,810,0,0,0,12580,3195,0,0,0,0,0,0,0,7380,8100,25420,4060,0,0,9732,0,0,0,0,0,0,0,0,0,0,0,2601,0,0,0,0,0,0,16000,0,17904,0,0,0,22100,25120,0,8740,0,0,0,42940,3825,0,21876,9360,0,0,0,23784,15984,0,0,0,0,0,0,0,12045,13446,21980,12396,0,108140,0,0,14580,24752,0,0,0,0,33910,62727,25995,59880,20448,52176,0,15960,22040,20200,51990,0,10632,31686,0,0,0,0,23664,0,0,0,0,0,89140,0,11560,24100,82500,0,0,25664,0,0,0,35340,0,46185,0,0,0,209860,0,0,0,62540,0,51990,0,51990,28160,0,77985,48080,0,55410,0,0,78000,83200,98429,93080,134000,123100,108108,0,225220,81768,0,45650,283420,72468,0,0,114405,0,178660,0,0,0,40780,0,136930,129975,281586,87020,260543,231020,118800,208032,342260,299460,90860,813402,526530,483869,589572,869762,665130,3520211,2191906,2169296,842458,14123050,0,2122181,1128704,0,371256,1007222,129960,96000,0,450531
2013-12,2,0,0,0,0,0,0,25920,0,0,0,59177,0,0,0,976,1460,0,2700,0,0,0,0,0,8560,98660,320,0,0,0,9766,0,0,0,0,0,0,0,2000,0,0,7240,0,0,27855,0,0,0,12120,3510,0,0,22416,0,0,0,0,27252,4000,41860,4760,0,119,10596,0,0,0,0,0,0,0,0,0,0,4280,28356,0,0,0,0,0,0,11080,0,20184,0,0,0,6620,18720,0,5820,0,0,0,32260,4365,0,16452,9000,0,0,0,30516,16380,0,0,0,0,0,0,0,420,15798,30820,6468,0,27800,0,0,10080,24489,0,0,0,0,34610,75957,77985,57400,15336,45864,0,14352,24340,40140,51990,0,7716,35724,0,0,0,20,18324,0,0,27200,0,0,96840,0,30360,25920,98620,0,48000,40874,0,0,0,33131,0,49515,4040,0,0,253240,0,0,0,153660,0,28995,0,59040,93000,0,103980,52480,0,64545,0,0,78000,61602,80135,187560,94120,149760,77916,0,151700,76212,0,0,315460,69984,0,0,140087,0,210018,0,0,0,121320,0,132160,119970,186180,5280,321480,273203,115956,130020,375560,398320,811946,660030,528060,557550,631605,1026273,729680,4248728,2267236,2307961,4791577,15401340,0,2488994,1266200,0,387480,1302842,25992,168492,0,588560
2014-01,0,0,0,0,0,0,0,0,0,0,0,0,0,0,0,533,6880,0,0,0,160,0,0,0,13230,0,160,0,0,0,0,0,0,0,0,0,0,0,2040,0,0,0,0,0,0,0,0,0,10120,4095,0,0,0,0,0,0,0,0,10640,0,5760,0,0,11844,0,0,0,0,0,0,0,0,0,0,82260,0,0,0,0,0,0,0,9080,0,27024,0,0,0,25340,20420,0,10140,0,0,0,71020,900,0,21276,10450,0,0,0,31752,24120,0,0,0,0,0,0,0,270,17640,25807,15936,0,61120,0,0,10300,30554,0,0,0,0,73200,42567,12300,57300,20844,57012,0,21756,33910,8140,77985,0,14544,32184,0,0,0,200,24576,0,0,25560,0,0,80925,0,42880,35840,79000,0,25956,23648,0,0,0,45372,0,49845,720,0,0,236580,0,0,0,112260,0,51990,0,77985,104440,0,247650,60440,0,64680,0,0,78000,104720,73260,137620,72000,150320,85836,0,488450,97920,0,0,261320,71448,0,0,132784,0,380040,0,0,0,100280,0,206340,129975,767720,61460,254840,130378,153516,109224,313340,446720,169690,1004904,508670,665416,712087,629317,719890,4877324,2570945,2665267,6115640,16469930,0,2396220,1231180,0,412068,1050426,103968,120492,0,505120
2014-02,0,0,0,0,0,0,0,0,0,0,0,0,0,0,0,423,13220,0,1360,0,3692,0,0,0,267,0,520,0,0,0,0,0,0,2740,0,0,0,4370,2800,0,0,0,0,0,0,0,0,0,10060,3075,450,0,0,0,0,0,0,0,18981,0,6400,0,0,11220,0,0,0,0,0,0,0,0,0,0,73500,0,0,0,0,0,0,0,0,0,24504,0,0,0,21400,24700,0,11420,0,0,0,112100,5625,0,23028,11530,0,0,0,37153,23736,0,0,0,0,0,0,0,29055,14820,31860,15732,0,8980,0,0,12080,26786,0,0,0,0,57510,44205,0,53200,20628,62523,0,19668,23700,31240,77985,0,13728,28968,0,0,0,40,15072,0,0,39920,0,0,71160,0,42300,35560,72200,0,0,24630,0,0,0,35124,0,44925,4080,0,0,215360,0,0,0,74360,0,51990,0,103980,141468,0,233955,47660,25830,48720,0,0,52000,112240,87173,140000,96200,132020,79752,0,178400,93744,641781,0,283920,86328,0,0,108551,0,275680,0,0,0,145160,0,228380,25995,424360,178680,243280,139619,153444,306072,328380,447710,1980,925380,484940,642148,748903,584970,705070,4848906,2509993,2633465,5910325,15495000,0,2460940,1210100,0,270096,961500,181944,144012,3756,525100
2014-03,0,0,0,0,0,0,0,0,0,0,0,0,0,0,0,1050,21360,0,1740,0,1600,0,0,0,46137,0,1050,0,0,0,0,0,0,2620,0,0,0,0,4460,0,0,41,0,0,0,0,0,2560,8080,3225,140,0,0,0,0,0,0,0,3000,500,4320,0,0,11064,0,0,0,3560,0,5140,0,0,0,10008,29510,0,0,0,0,0,0,0,880,0,26736,0,0,0,7440,10720,0,11200,0,0,0,64520,4725,0,22716,13590,2724,0,0,25224,20928,0,0,2310,2106,0,0,0,10005,20172,86780,14160,0,5060,0,0,13680,30520,0,0,0,0,51130,68670,0,53560,18072,57888,0,19608,21620,39446,77985,0,12360,31932,0,0,0,1020,17460,0,0,117540,0,0,67860,0,75560,30640,77280,0,0,32628,0,0,0,33456,0,46635,0,0,0,174200,0,0,0,55000,0,25995,0,93975,141440,0,233955,54980,32046,65580,0,0,52000,141220,74707,148620,86600,139480,81432,0,216427,96648,838050,0,279100,78600,0,0,114724,0,308393,0,0,0,144880,0,195330,51990,438177,100560,224603,180103,122424,360048,329120,406350,190974,856929,522920,702825,865201,579075,654520,4380214,2597851,2628620,6099760,15873090,0,2496128,1252940,0,287760,995742,103968,192000,42288,532321
2014-04,0,0,0,0,0,0,0,0,0,0,0,0,0,0,0,1900,20,0,0,0,0,0,0,0,130,0,0,0,0,0,0,0,0,0,0,0,0,3570,1900,0,0,2,0,0,0,0,0,2870,9320,4455,0,0,0,0,0,0,0,0,6600,0,3840,0,0,5640,0,0,0,2690,0,3980,0,0,0,26004,6721,0,0,0,0,0,0,0,860,0,27352,0,0,0,18440,4720,0,5240,0,0,0,2320,3855,0,21408,10250,5388,0,0,5136,11508,0,0,8681,7392,0,0,0,11835,14016,79600,9552,0,32700,0,0,17560,32774,0,0,0,0,63990,71988,0,56640,19728,37872,0,22188,11960,78780,25995,0,11532,42060,0,0,0,200,16260,0,0,145760,0,0,80560,0,12080,31700,95060,0,52008,23483,0,0,0,39600,0,47385,8940,0,0,50380,0,0,0,57240,0,51990,0,77985,106344,0,155970,49680,45546,76560,0,0,78000,45500,69108,151320,96000,140200,92820,0,44440,122748,320169,0,305260,71556,0,0,114834,0,200040,52620,0,0,48860,0,199910,15,86931,130860,244160,194747,178920,208032,412880,367470,1380,1070010,492981,656790,790715,615349,660950,4164327,2416670,2434675,5860115,15277180,0,2475160,1266680,0,233316,1067240,103968,265968,70212,599100
2014-05,0,0,0,0,0,0,0,0,0,0,0,0,0,0,0,1602,80,0,1240,0,0,0,0,0,2,0,0,0,0,0,0,0,0,0,0,0,0,4250,2480,0,0,19520,0,0,0,0,0,2900,13000,4950,50,0,0,0,0,0,0,0,14150,4640,4060,0,0,10140,0,0,0,5050,0,5480,0,0,0,0,26652,0,0,0,0,0,0,0,0,0,12528,0,0,0,20920,1340,0,11140,0,0,0,0,8460,0,24660,15220,6630,0,0,31932,22284,0,0,11340,9774,0,0,0,7965,15846,54185,13404,0,24280,0,0,10563,41874,0,0,0,0,85790,68817,0,54725,21288,63756,0,23952,29940,4700,129975,0,16116,48012,0,0,0,80,17676,0,0,165400,0,0,78080,0,51874,31060,100322,0,0,23383,0,0,0,42048,0,48495,4100,0,0,0,0,0,0,81260,0,51990,0,77985,143857,0,181965,39040,72606,83265,0,0,130000,64500,77270,180340,50000,154000,96696,0,51680,115164,373309,0,283600,90060,0,0,118376,0,225820,95904,0,0,233040,0,196840,25995,189240,116680,243180,196889,195744,360048,390540,451270,4500,1219281,534240,769229,977769,649577,809930,4932420,2704099,2721663,6866714,17262130,0,2612842,1281980,0,258948,1082920,181944,336984,72240,631080
2014-06,0,0,0,0,0,0,0,0,0,0,0,0,0,0,0,1572,0,0,840,0,4520,0,0,0,0,0,0,0,0,0,0,0,0,2960,0,0,0,0,2420,0,0,6790,0,0,0,0,0,2370,12620,4260,0,0,0,0,0,0,0,0,3200,10320,5120,0,0,10776,0,0,0,3130,0,4520,0,0,0,0,38068,0,0,0,0,0,0,0,0,0,25072,0,0,0,7420,180,0,6280,0,0,0,0,10305,0,15576,12060,4884,0,0,25488,16860,0,0,9120,5034,0,0,0,5595,16830,52860,13020,0,5240,0,0,12740,30030,0,0,0,0,62400,65541,0,52340,16608,43860,0,21456,27680,22320,51990,0,12240,40536,0,0,0,200,24528,0,0,197480,55900,0,60620,0,54820,29460,102480,0,26004,29113,0,0,0,41244,0,54210,4120,0,0,0,0,0,0,77000,0,103980,0,77985,129140,0,181965,52260,46470,89775,0,0,78000,117060,85444,194240,99360,162920,89436,0,84800,103104,0,0,265100,120396,0,0,115644,0,216500,82980,0,0,215300,0,166390,0,35060,106700,292240,225392,208164,156024,420880,413160,341000,845442,558930,613311,698944,647110,731890,4394380,2367799,2426758,6427307,15163460,0,2620760,1222260,0,288384,1140321,259920,312984,77400,644840
2014-07,0,0,0,0,0,0,0,0,0,0,0,0,0,0,0,1655,0,0,1340,0,4200,0,0,0,60,0,0,0,0,0,0,0,0,1620,0,0,0,0,2080,0,0,4474,0,0,0,0,0,5090,12120,4890,0,0,0,0,0,0,0,0,8360,3000,6780,0,10,13680,0,0,0,3880,0,5140,0,0,0,0,13557,0,0,0,0,0,0,0,80,0,32048,0,0,0,12020,240,0,10160,0,0,0,0,5550,0,13680,15306,6078,0,0,23352,14532,0,0,14670,8046,0,0,0,8385,14958,75060,11904,0,8980,0,0,8340,42042,0,0,0,0,51950,66381,0,52520,21864,38664,0,21852,13460,8500,51990,0,16920,44184,0,0,0,96420,21660,0,0,143620,140400,0,61620,0,57140,22420,78520,0,0,35919,0,0,0,38700,0,56565,6920,0,0,0,0,0,0,104500,0,25995,0,77985,126280,0,207960,37520,52560,86400,0,0,78000,97160,86146,191820,108000,165880,80940,0,187160,104076,0,0,264840,68148,0,0,150603,0,217200,141267,0,0,90260,0,191510,0,124700,130220,299460,231750,189588,286044,405203,446870,1177631,911574,579080,758470,751319,793686,795770,4910802,2688414,2707991,6146720,17864280,0,2532534,1380660,0,283452,1038660,129960,457224,108783,607000
2014-08,0,0,0,0,0,0,0,0,0,0,0,0,0,0,0,594,0,0,880,0,2500,0,0,0,1532,0,0,0,0,0,0,0,0,5920,0,0,0,3510,2340,0,0,2540,0,0,0,0,0,2845,11060,4532,0,0,0,0,26000,0,0,0,5100,27080,4720,0,0,9156,0,0,0,3900,0,3720,0,0,0,36000,12148,0,0,0,0,0,0,0,625,0,192,0,0,0,6980,0,0,10020,0,0,0,0,14295,0,10572,10343,5386,0,0,17642,9242,0,0,11850,7474,0,0,0,7425,14145,57780,13008,0,3620,0,0,19120,24931,0,0,0,0,51760,72660,0,61000,21384,29736,1000,39744,25040,17140,129975,0,15444,40998,0,0,0,276780,25164,20992,0,119900,97500,0,79080,0,37460,23500,88400,0,0,20992,0,0,0,35064,0,49065,3510,0,0,0,0,0,0,52640,0,93975,0,77985,60707,0,233955,33380,78157,83310,0,0,104000,76960,100568,182960,56000,146320,113163,0,125809,131643,0,0,277380,88920,0,0,161473,0,143240,146676,0,0,281940,0,139170,0,114920,57700,292840,135784,217487,392868,361040,461280,1016595,833832,584360,753198,853773,414968,789210,4848849,2780319,2796038,6062435,16883460,0,2656567,1125929,0,304539,1224183,259920,434952,100197,642180
2014-09,0,0,0,0,0,0,0,0,0,0,0,0,0,0,0,0,0,0,0,0,600,0,0,0,2512,0,0,0,0,13,0,0,0,1820,0,0,0,4210,2320,0,0,7293,0,0,0,0,0,2744,14380,4515,262,0,0,0,26000,0,0,0,12195,4840,4840,0,0,8448,0,0,0,3510,0,4440,0,0,0,12060,3200,0,0,0,0,0,0,0,0,0,280,0,0,0,14000,0,0,4600,0,0,0,0,8190,0,11160,10150,6939,0,0,19741,8569,0,0,12570,7983,0,0,0,4665,14544,32860,14568,0,32360,0,0,12960,28299,0,0,0,0,15250,69720,0,46500,23280,28596,89840,18924,25360,17580,51990,0,15384,44572,0,0,0,153060,22248,39964,0,167340,204100,0,66280,0,61600,28580,80800,0,0,20051,5821,0,0,40380,0,63510,9640,0,0,0,0,0,0,63040,0,51990,0,129975,67580,0,285945,33740,59230,90690,0,0,104000,57760,91231,180200,108000,131000,151824,24378,23543,168600,0,0,273820,71712,0,0,138834,0,146940,145107,0,0,37060,0,194960,0,26260,86600,231943,161166,210000,413964,411980,408940,1080,799740,505920,710374,862603,535502,753980,4893563,2799921,2924849,5749461,16651110,0,2452239,1188687,0,302508,1257076,207936,469968,112174,577540
2014-10,3,0,0,0,0,0,0,0,0,0,0,0,0,62657,0,1688,0,0,2300,0,0,0,0,0,2,0,0,0,0,3,0,0,0,8460,0,0,0,3820,2340,0,0,4201,0,0,15,0,0,1380,10640,4650,0,0,0,0,26000,0,0,0,7820,0,3520,0,310489,13872,0,0,0,5070,0,4480,0,0,0,12000,22273,0,0,0,0,0,0,0,0,0,248,0,0,0,3340,0,0,9560,0,0,0,0,3015,0,16104,12840,5515,0,0,21941,11473,0,0,12300,9913,0,0,0,5640,16434,80,16440,0,47800,0,0,12000,26605,0,0,0,0,20,71631,0,520,24648,36036,93290,18564,13420,10360,77985,0,17400,41092,0,0,0,85740,24571,40944,0,127800,217100,0,1120,0,44120,28409,1380,0,0,10252,11196,0,0,41064,0,58935,7660,0,0,0,0,0,0,39020,0,155970,0,103980,84800,0,181965,20698,96290,84060,0,0,78000,73860,106442,202240,104000,121480,132528,0,113540,147984,0,269670,86120,86268,0,0,152091,0,174040,144255,0,0,80560,0,163770,51900,89060,160500,245020,78252,248832,306036,441681,469480,4140,957927,554040,694845,908352,274200,732510,395180,2994382,2990680,5788712,17214320,4434107,2453859,1175226,0,297420,1132334,231480,541968,140892,704687
2014-11,0,0,0,0,0,0,0,0,0,0,0,0,0,0,0,944,0,0,1140,0,4000,0,0,0,4,0,0,0,0,0,9405,0,0,4440,0,0,0,0,2020,0,0,4017,0,0,6540,0,0,1402,11380,3390,0,0,18240,0,25728,0,0,9468,2485,1600,3140,0,0,8148,0,0,0,2551,0,4951,0,0,0,12000,6740,18258,0,0,0,0,0,0,5500,0,0,0,0,0,9600,0,0,8820,0,0,0,0,1860,0,10260,13440,4269,0,0,21390,11094,0,0,13821,6695,0,0,0,4980,15390,0,15816,0,46800,0,0,22760,23211,0,0,0,0,0,42735,0,0,21120,32796,66640,16860,29940,6680,103980,0,22008,43987,0,0,0,35300,24942,31254,0,100780,170300,0,0,0,48280,30800,0,0,35580,32242,19076,0,0,42000,0,49320,4080,0,0,0,0,0,0,67860,0,117975,0,129975,67358,0,155970,31200,71906,79530,0,0,78000,76560,85160,202620,164240,121520,104268,0,43760,116220,0,644520,73940,66396,0,0,133684,0,149140,117627,0,0,88480,11180,141610,0,13540,158320,216140,133529,174474,196452,366180,412380,213822,749403,387420,716324,893601,413819,618790,0,2581622,2717909,5176620,15866560,4074376,2469083,1150260,0,310572,1088402,51984,480888,90942,591706
2014-12,0,0,0,0,0,0,0,0,0,0,0,0,0,0,0,1726,0,0,1140,0,590,0,0,0,0,0,0,0,0,25,13965,0,0,0,0,0,0,3410,2360,0,0,4462,0,0,42443,0,0,1954,5420,3765,0,0,32784,0,26000,0,0,37524,12725,4880,3780,0,0,12522,0,0,0,2335,0,5025,0,0,0,0,10560,51255,0,0,0,0,0,0,6275,0,0,0,0,0,17760,0,0,10280,0,0,0,0,9525,0,9624,16130,4241,0,0,21095,9947,0,0,8325,5399,0,0,0,11025,17316,0,16016,0,41760,0,0,9720,22790,0,0,0,0,0,51828,0,0,20856,32760,87544,20652,27700,8320,0,0,15303,50267,3860,0,0,43460,25793,34960,0,174660,104000,0,0,0,53300,26800,0,0,25992,10071,11909,0,0,39737,0,57240,8700,0,0,0,0,0,0,104600,0,51990,0,103980,64320,0,259950,44866,64982,101145,0,0,104000,84940,89271,207841,120000,174400,108216,0,320401,110624,0,582430,21020,79576,0,0,132763,0,155876,156279,0,0,45360,171820,230520,77985,49840,215481,296300,81672,202224,96000,424000,446380,550004,814401,569070,819823,1015934,264924,805150,0,2914266,2956159,6158547,18142200,4180394,2846601,1420760,0,388798,1412941,441864,457476,126576,871329
2015-01,0,0,0,0,0,0,0,0,0,0,0,0,0,0,0,472,0,0,0,0,0,0,0,0,0,0,0,0,0,925,0,0,0,1760,0,0,0,0,3480,0,0,2941,0,0,30,0,0,2814,0,2610,400,0,16,0,26000,0,0,756,12692,7960,3480,0,0,8736,0,0,0,3280,0,7660,0,0,0,0,4193,17,0,0,0,0,0,0,4573,0,0,0,0,0,11780,0,0,5100,0,0,0,0,6810,0,9192,9670,7382,0,0,24182,12422,0,0,11360,7976,0,0,0,2430,18954,0,14100,0,75340,0,0,9440,24838,0,0,0,0,0,43323,0,0,21924,30492,93560,17856,26640,600,0,0,18816,41940,19460,0,0,69140,20500,41803,0,75380,182000,0,0,0,46460,25040,0,0,51984,14954,7284,0,0,39048,0,54720,4897,0,0,0,0,0,0,81860,0,51990,0,77985,68480,0,207960,56900,87548,90285,0,0,78000,73180,75036,165880,112000,159260,94416,0,77660,118536,0,410270,4700,64152,0,0,118065,0,156620,196164,0,0,104460,46600,183060,77985,173600,210220,272360,101422,382392,208032,347280,434290,74340,827532,541900,752613,861294,397598,845860,0,3003972,3070461,6468258,17645860,4387286,2825300,1349740,0,217452,1161605,518028,480024,90440,742462
2015-02,0,0,0,0,0,0,0,0,0,0,0,0,0,0,0,456,0,0,780,0,100,0,0,0,0,0,0,0,0,0,0,0,0,3680,0,0,0,4200,0,0,0,1212,0,0,0,0,0,3864,0,2700,0,0,0,0,26000,0,0,540,6940,9340,3480,0,0,9060,0,0,0,4483,0,6123,0,0,0,25992,3590,153,0,0,0,0,0,0,2940,0,0,0,0,0,7180,0,0,11340,0,0,0,0,3570,0,10653,11460,9908,0,0,23840,13976,0,0,17083,12656,0,0,0,1485,17196,0,11040,0,41240,0,0,9340,22241,0,0,0,0,0,33432,0,0,16116,30345,76285,18324,15840,5380,0,0,13152,47448,34420,0,36260,53020,20158,38938,0,97180,97500,0,0,0,34720,21220,0,119091,0,6532,8580,0,0,34572,0,54270,0,77985,0,0,0,0,0,50420,0,157965,0,89985,100700,0,155970,27180,80124,79755,0,0,78000,63521,80569,146668,60000,133680,79044,0,96220,70236,0,28150,0,63961,0,0,119957,0,206140,246834,0,0,61884,162100,190010,135930,113674,139660,241681,57261,171456,156024,339540,387500,3620,720084,411190,694706,778625,193535,677580,0,2525410,2666119,5030373,15213110,4104039,2137371,1062040,0,254937,936371,259920,342492,111726,691388
2015-03,0,0,0,0,0,0,0,0,0,0,25995,0,0,0,0,1081,0,0,820,0,1800,0,0,0,11,0,0,0,0,0,0,0,0,4320,0,0,0,0,2240,0,0,1514,0,0,0,0,0,5011,0,2685,0,0,0,0,26000,0,0,846,6880,10280,3800,0,0,10272,0,0,0,6000,0,6850,0,0,0,0,4041,0,0,0,0,0,0,0,4938,0,0,0,0,0,8100,0,0,10500,0,0,0,0,5115,0,12252,19210,8088,0,0,25853,14045,0,0,21270,7122,0,0,0,3465,21114,0,12732,0,25080,0,0,14100,24198,0,0,0,0,0,29169,51990,0,22176,38400,98010,18162,24780,26080,0,0,15912,47274,28080,0,239600,53000,24988,47369,0,106640,148200,0,0,0,49780,19500,0,480782,76704,19755,22872,0,0,46056,0,60300,8220,25995,0,0,0,0,0,83180,0,155970,0,103980,93560,0,129975,38720,102817,87195,0,0,78000,76720,83048,174020,112000,150340,127476,0,108600,62256,1148258,0,0,103898,0,0,120736,0,376000,336780,0,0,860,210540,268510,129975,0,283420,250040,192764,275292,130020,396020,467430,135541,820566,615280,844693,935775,571310,891110,0,3005768,2942873,6876006,18604620,5176232,2094383,1281620,0,392820,1008440,493848,528492,134375,678920
2015-04,0,0,0,0,0,0,0,0,0,0,0,0,0,0,0,1101,0,0,860,0,0,0,0,0,0,0,0,0,0,611,0,0,0,400,0,0,0,5210,2180,0,0,12880,0,0,0,0,0,2771,0,1995,0,0,0,0,52000,0,0,954,5514,14340,3240,0,0,8640,0,0,0,3651,0,6081,0,0,0,49992,9280,1904,0,0,0,0,0,0,6780,0,0,0,0,0,14200,0,0,12160,0,0,0,0,8100,0,10332,11910,8081,0,0,21628,11620,0,0,17671,9387,0,0,0,39090,20016,0,13164,0,49940,0,0,10700,20607,0,0,0,0,0,14028,181965,0,21253,29748,113990,17161,41080,43360,0,0,12324,41278,16960,0,183280,105180,19976,51086,0,1,156000,0,0,0,91160,20820,0,469420,51984,12493,31790,0,0,41582,0,53805,3270,25995,0,0,0,0,0,51020,0,106980,0,152970,56980,0,26490,24921,80272,76380,0,0,104000,74060,87344,175800,182000,136025,92702,0,12240,64466,802035,0,0,103588,0,0,111971,0,336580,336219,0,0,79640,144820,195340,51990,0,250760,255881,156252,330470,156024,353980,437255,321907,747024,610480,678105,847401,483669,847340,3200866,2686880,2712847,5482739,16747340,1194132,1639026,1079528,0,437114,863340,545832,553476,127680,548362
2015-05,0,970,0,0,1360,0,0,0,0,0,0,0,0,0,0,1640,0,0,1600,0,0,1840,0,0,0,0,0,0,0,5,0,0,0,0,0,0,0,3590,0,0,0,1160,0,0,0,0,0,6117,0,2100,0,0,0,0,0,0,0,0,5514,0,3620,0,0,10392,0,0,0,5420,0,6460,0,0,0,12000,10000,2380,51984,0,0,0,0,0,1930,0,0,0,0,0,6080,0,0,10100,0,0,0,0,5475,0,13452,11210,6754,0,0,24087,13095,0,0,19690,13672,0,0,0,13995,20658,0,14832,0,31360,0,0,14500,19197,0,0,45660,0,0,40950,181965,0,26592,38520,101170,20892,24880,54000,0,0,23892,57252,17580,0,155760,40320,36415,46741,0,0,130000,0,0,0,39404,27620,0,418005,25704,15888,43560,0,0,43308,0,55620,4360,51990,0,0,0,0,0,64280,0,51990,0,117975,80540,0,0,47300,117729,86005,0,0,78000,88360,79569,217300,110000,131800,105792,0,2460,93840,21894,0,0,125208,0,0,113445,715,291592,364668,0,0,167960,133180,176290,129975,0,123060,260460,178645,275148,390060,385400,467070,478612,774396,565740,767871,883737,517418,884460,0,2805815,2911732,5978317,18187980,4997070,1713939,1046266,0,483468,1126245,311904,432000,154262,915939
2015-06,0,1900,0,0,3310,0,0,0,0,0,0,0,0,0,0,1421,0,0,2200,0,0,4350,0,0,0,0,0,0,3,0,0,0,0,6640,0,0,0,0,2000,0,0,420,0,0,0,0,0,3900,0,2700,0,0,0,0,0,0,0,0,7940,0,3400,0,0,10644,0,0,0,7178,0,8724,0,0,0,16992,0,0,0,0,0,77985,0,0,2490,0,0,0,0,104000,4820,0,0,11280,0,0,0,0,16485,0,10716,10540,10107,0,0,19063,13262,0,0,17203,9198,0,0,0,28755,23226,0,13116,0,5260,0,0,19240,23308,0,0,80497,0,0,85848,233955,0,22608,31824,107522,18989,27080,36140,0,0,12636,35393,24540,0,245766,96335,69959,37143,0,0,85800,0,0,0,100220,20980,0,353052,129996,19833,31269,0,0,34464,0,57525,7820,116970,0,0,0,0,0,65360,0,103980,0,143970,75180,0,0,59180,107349,80250,0,0,52000,88140,92622,221840,104160,150160,123948,0,0,78732,0,0,0,54053,0,0,126862,103818,238900,334746,0,0,26440,131360,169460,181965,0,100380,261940,164607,355956,0,360800,440764,469822,747702,546220,753481,830129,499979,830295,0,2789636,2796124,5649170,17315820,4513740,1571600,1070720,0,355731,1239340,480864,667992,175158,787876
2015-07,5,2880,0,0,3610,0,0,0,0,0,0,0,13562,0,0,1068,0,0,1180,0,1780,6030,0,0,0,0,0,0,1,0,0,0,0,1780,2286,0,0,0,2880,0,0,910,0,0,0,0,0,6110,0,3795,80,0,0,0,0,0,0,0,0,6640,3220,0,0,12300,0,0,0,7121,0,9311,0,0,0,0,720,0,0,0,0,51990,0,0,3780,0,0,0,0,109000,5540,0,0,5280,0,0,0,0,28980,0,13332,6780,9762,0,0,24341,13098,0,0,21521,13920,5244,0,0,27765,22002,0,19092,0,3060,0,0,22420,18360,0,0,136020,0,0,840,181965,0,25380,38460,110780,21091,39820,29860,0,0,28260,46495,25700,0,114060,63500,62168,53006,0,0,0,0,0,0,129420,31740,0,399420,181968,21601,31263,0,0,39053,0,54870,4140,12990,0,0,0,0,0,52000,0,25995,0,155970,72980,0,0,0,108191,80940,0,0,105248,99940,106021,279781,78000,180060,64013,5,0,81576,0,0,0,69377,0,0,156712,69238,393760,370344,0,0,1100,165980,200020,233955,0,5060,307143,126873,426024,78012,364260,513156,793180,763398,728475,757143,719495,455054,1018026,0,3242314,3244604,7210549,19613230,5683360,1813040,1245240,0,450281,1180040,348984,672516,188207,1061120
2015-08,0,2490,0,0,2930,0,0,0,0,0,0,0,0,0,0,1020,0,0,610,0,2200,5590,0,0,4,0,0,0,3,0,0,0,0,0,3894,0,0,4370,2600,0,0,843,0,0,0,0,0,3863,0,3450,1520,0,0,0,0,0,0,0,2750,5020,3860,0,0,12444,0,0,0,11100,0,8880,0,0,0,24000,15350,0,6996,110445,0,77985,0,0,11110,0,0,0,0,103000,10340,0,0,10934,0,0,0,0,23625,0,10764,14010,12409,111914,0,25272,13932,0,0,17410,11635,18048,0,0,20280,19728,0,14724,0,3722,0,0,37061,15792,0,0,118961,0,0,0,181965,0,23664,32472,90192,19826,23569,53780,0,0,27156,48732,24720,0,151480,100,48701,43442,0,0,0,0,0,0,154400,38360,0,8043,101844,34883,30265,0,0,43022,0,57855,3752,25995,0,0,0,0,0,48900,0,259950,0,134970,60460,0,0,0,100230,72930,0,0,0,106020,127845,210641,125640,153820,119700,846616,0,93540,0,0,0,108110,0,0,166526,92941,366760,307874,0,0,0,266465,178280,274950,0,2980,320340,202514,372912,336048,306320,470360,478692,728892,636850,776604,846386,726985,965040,0,2767447,2789913,5400964,18355990,4679463,1927940,1364011,0,424286,954162,284952,672000,194017,843160
2015-09,0,2270,0,0,3120,0,0,0,0,0,0,0,0,0,0,859,0,0,800,0,3910,5170,0,0,5,0,0,0,2,25,0,0,0,4540,3762,0,0,0,2300,0,0,1580,0,0,0,0,0,5412,0,3585,0,0,0,0,0,0,0,0,0,0,3640,0,0,11928,0,0,0,12020,0,7980,0,0,0,27300,0,0,11700,17727,0,77985,0,0,10130,0,0,0,0,82000,0,0,0,10420,0,0,0,0,46515,0,12648,13150,12349,101469,0,24648,13404,0,0,15520,9817,13224,0,0,18180,20364,0,42482,0,3620,0,0,22420,13692,0,0,15780,0,0,0,0,0,35244,28572,88480,16884,36060,57620,0,0,35340,40308,30220,0,69040,2260,43085,43210,0,0,0,0,0,0,75680,38500,0,0,51996,31512,25392,0,0,43824,0,20910,4340,77490,0,0,0,0,0,48820,36660,207960,0,141960,62256,0,0,44400,91458,62970,0,0,104992,116380,102681,201640,60000,155083,135708,5509436,0,103260,0,0,0,154260,0,0,123662,90984,108648,291072,0,0,0,332565,161990,363930,0,1440,294080,202630,417600,517068,352140,439180,277640,664164,655800,711934,890545,638350,959580,0,2849908,2909824,6509871,17707910,4619611,1995790,1255233,0,498684,950082,181944,480000,182244,849800
2015-10,0,2960,0,0,3430,0,0,0,0,0,0,0,0,0,0,1572,0,0,0,0,0,4790,0,0,0,0,0,0,3,1320,0,0,0,4340,4788,0,0,3450,2200,0,0,3560,0,0,0,0,0,5930,0,4035,850,0,0,0,0,0,0,0,7740,0,4140,0,0,14232,0,0,0,9370,0,10420,0,0,0,3600,0,0,58980,0,0,0,0,0,16127,0,0,0,0,56000,14500,0,0,10260,0,0,0,0,18135,0,11916,12860,12360,152755,0,28248,17580,0,0,19360,12774,23292,0,0,33660,20808,0,20244,0,0,0,0,20860,14588,0,0,0,0,0,0,0,0,19668,31584,79100,20780,36820,12960,0,0,29004,53580,49080,0,0,5060,54888,40176,0,0,0,0,0,0,280,35620,0,0,0,46645,27216,0,0,72636,3760,35025,3180,51990,0,0,0,0,0,66000,0,300930,0,129975,43140,0,0,115720,109590,63540,0,0,104000,132820,103774,213360,104000,181060,129624,67620,0,112284,0,48620,0,170760,0,0,135570,98491,100,356604,0,0,0,249560,128680,419310,0,0,337620,198687,211320,538068,335900,460150,911340,810432,670640,687217,813975,810770,953550,0,2709840,2835544,6069562,18155030,4901627,2133500,1527211,0,331116,1140080,311376,432000,222468,979184
2015-11,0,2930,0,0,3220,0,0,0,0,0,0,0,0,0,0,953,0,0,720,0,0,6220,0,0,0,0,0,0,3,1781,0,0,0,0,3966,0,0,0,2460,0,0,1576,0,0,0,0,0,6891,0,3390,0,0,5344,0,0,0,0,18,2718,0,4260,0,0,15144,0,0,0,7820,0,8580,0,0,0,25992,0,8415,0,0,0,0,0,19021,10450,0,0,0,0,112000,8620,0,0,10420,0,0,0,0,8835,0,10620,11700,8880,145880,0,10488,15097,0,0,21770,14226,18048,0,0,24405,18474,0,19620,0,0,0,0,39200,10991,0,0,0,0,0,0,0,0,24324,29580,83100,18480,25036,7260,0,0,40080,36084,55180,0,0,6012,70236,39585,0,0,0,0,0,0,0,32800,0,0,25992,33312,25059,0,0,75792,172620,46365,3700,77985,0,0,0,0,0,51840,0,181965,0,129975,26200,0,0,138060,96006,58860,0,0,78000,127660,72381,640,156000,161640,100908,0,0,100872,0,0,0,117924,0,0,97709,55936,0,322596,0,0,0,154540,134470,207960,14020,0,302600,248513,236160,312048,326040,437960,303500,670302,645910,753277,852120,894769,953730,0,2617079,2805260,6424018,17378960,4440719,1912560,1638600,0,341568,1088980,103968,720000,202887,832800
2015-12,0,3090,0,0,3010,0,0,0,0,0,0,0,0,0,0,1509,0,0,600,0,4410,6930,0,0,0,0,0,0,4,0,12825,0,0,6540,4620,0,0,4850,1760,0,0,1250,0,0,37635,0,0,5152,0,2070,0,0,48368,624,0,0,0,31968,2102,0,4460,0,0,18648,0,0,0,14060,0,8950,0,0,0,30276,0,67065,27000,144411,0,0,0,30375,17320,0,0,0,0,0,6360,0,0,10060,0,0,0,0,17055,0,12180,16540,10855,125398,0,0,20262,0,0,17100,10580,15924,0,0,50220,18594,0,15616,0,0,0,0,25320,12602,0,0,0,0,0,0,0,0,24168,32880,66400,29810,33160,83540,0,0,29154,39192,58260,0,0,1540,70467,52562,0,0,0,0,0,0,0,27780,0,0,51996,43318,28397,37830,0,60612,199652,45270,0,103980,0,0,0,0,0,80800,0,103980,0,77235,48420,0,0,161760,97386,72105,0,0,78000,132160,68996,20,108000,205465,104376,0,0,146436,0,0,0,111147,0,25995,99968,100653,0,275964,0,0,0,190840,130600,256350,265080,0,398520,456290,239040,337152,419660,474400,10060,696366,750950,630349,781501,1473201,1051510,0,2800415,2661517,6211535,18889330,5107012,1838340,1635740,0,359110,1209340,51984,648000,196511,909500
2016-01,0,3200,0,0,3820,0,0,0,0,0,0,0,0,0,0,1043,0,0,820,0,50,7370,0,0,200,0,0,0,2,0,10298,0,0,3340,4722,0,0,0,2320,0,0,2260,0,0,4230,0,0,4037,0,4875,300,0,1200,21228,0,0,0,7398,0,0,4160,0,0,0,0,0,0,5980,0,8330,0,0,0,27528,0,68,0,151225,0,0,0,33420,7450,0,0,0,0,0,6840,0,0,10740,0,0,0,0,18870,0,11148,15610,13381,168748,0,0,23652,0,0,19100,14551,18024,0,0,32055,17844,0,19128,162000,0,0,0,8960,13469,0,0,21200,0,0,0,0,0,24204,33456,20,24972,27180,6500,0,0,27588,28808,48400,0,2180,0,31656,45814,0,0,0,0,0,0,0,28520,0,0,52008,44393,28339,113256,0,53772,178401,43110,7315,208275,79995,0,0,108000,0,62220,0,77985,0,0,29920,0,0,136940,102156,62790,0,0,128464,107740,75776,0,156000,117720,154692,0,51960,130284,0,0,0,112488,0,181965,103805,75888,0,269533,0,108000,580,209060,138820,183975,458660,500,244040,326844,204600,364056,283540,458480,405280,688968,713320,816838,966155,1080102,1009080,0,2769503,2812017,5636201,18760280,4992486,2054032,1662620,0,444240,1036120,27000,504000,160952,732720
2016-02,0,4000,0,0,4640,0,0,0,0,0,0,0,0,0,0,1597,0,0,600,0,550,7600,0,0,0,0,0,0,1,1,0,0,0,3440,5412,0,0,4260,2400,0,0,840,0,0,0,0,0,4036,0,3825,0,0,0,18840,0,0,0,0,3420,0,5040,0,0,0,0,0,0,10140,0,9190,0,25464,0,0,0,0,0,20,27486,0,0,32870,8372,0,0,0,0,0,10660,0,0,10840,0,0,0,0,16860,0,14832,14020,16437,204,0,0,27049,142300,0,17780,14212,22116,0,0,35760,23328,0,16068,189000,0,0,0,7880,13259,29380,0,54260,0,0,0,0,0,24276,8100,0,30590,36640,27700,0,0,118620,30041,59640,0,43680,1000,26498,29900,0,0,0,0,0,187995,0,32700,0,0,52008,46567,37015,59380,0,43478,137740,39720,0,77985,81000,0,0,188565,0,66120,0,0,51990,0,44600,0,0,133260,111606,61275,0,0,78000,127312,72776,0,106000,63640,112812,0,50680,114348,0,0,0,101160,0,337935,120545,259018,0,401844,0,243000,77080,175000,159790,103980,109600,60400,291980,341706,237588,338052,276880,435930,10060,769032,721330,661041,798490,1005493,886390,0,2501894,2534784,5466352,17306920,4486772,1889040,1259255,108000,395520,919460,129960,576000,215801,603120
2016-03,0,4690,0,0,5440,0,0,0,0,0,0,0,0,0,0,1473,0,0,660,0,3740,9150,0,0,0,0,0,0,1,1,0,0,0,1660,6072,0,0,4660,3440,0,0,1880,0,0,0,0,0,6949,0,5685,0,0,0,27336,0,0,0,0,0,0,5220,0,0,0,0,0,0,10150,0,8822,26988,53328,0,0,190,0,64032,0,44460,0,0,41677,14710,108100,0,0,0,0,8380,0,0,10940,0,0,0,0,23205,0,19668,16070,17303,0,0,0,34478,144160,0,20422,14584,33036,0,0,37185,21684,0,15744,162000,0,0,0,0,16815,125700,0,0,0,0,0,0,0,22560,0,0,21818,26200,10360,0,0,106896,15626,64792,0,88765,0,45300,47476,0,0,0,0,0,351000,0,145940,0,0,144852,44832,73332,86740,0,51456,159920,42960,1460,103980,108000,0,0,0,0,71140,0,0,78990,0,33018,0,0,148600,105967,64140,0,0,105984,118280,95862,0,104000,70143,110964,0,12960,126372,18971,0,0,114758,0,447945,118331,325788,0,466635,0,304995,0,244880,134290,263970,25600,49580,227102,447139,244668,494076,294960,481260,461360,741038,816300,772803,981639,1281926,986440,0,2802475,2926133,5845502,19664490,4832172,1942560,1375640,126990,389064,1015782,0,432000,285388,671141
2016-04,0,5630,0,0,5250,0,0,0,0,0,0,0,0,0,0,1379,0,0,1720,0,4580,8670,0,0,0,0,0,0,1,413,0,0,0,2420,5778,0,0,0,2360,0,0,1380,0,0,0,9049,0,5638,0,3060,850,0,0,25752,0,0,0,0,0,0,5281,0,0,0,0,0,0,20160,0,8530,28464,39948,0,0,0,0,27000,0,19260,0,0,35703,7140,42380,0,0,0,0,6540,0,0,14580,0,0,0,0,17580,0,17352,20500,15458,0,0,0,31167,100120,0,16670,17949,27924,0,0,36735,22962,0,14748,9540,0,0,0,0,14479,175480,0,0,0,0,0,0,0,24864,0,0,27842,34560,0,0,0,50994,153,61980,0,48700,0,25203,47764,0,0,0,90240,0,296505,0,64500,0,0,0,45454,70122,96570,0,32868,163600,43890,1280,77985,114990,0,0,243000,0,58740,0,0,108000,0,26518,0,0,138440,91776,62730,0,0,80976,105200,83517,0,104040,41920,114180,0,67520,123024,0,0,0,147612,0,333000,100020,280438,0,396480,0,324015,17060,277080,148890,213990,195880,128520,130760,485805,304884,512064,219040,487590,265699,667818,788200,822246,1071795,1269858,1009080,0,2694157,2803655,5739701,20056259,4461169,2143260,1327960,351495,532040,1078420,52992,360000,254445,771416
2016-05,0,3230,0,0,5170,0,0,0,0,0,0,0,0,0,0,1474,0,0,0,0,4860,8510,0,0,0,0,0,0,3,2461,0,0,0,5760,6438,0,0,3620,2320,0,0,5620,0,0,0,0,0,3485,0,3165,0,0,0,23712,0,0,0,0,0,0,5500,0,0,0,0,0,0,10270,0,9000,13992,35676,0,0,0,0,53496,0,48384,52005,0,36948,20870,89160,0,0,0,0,11260,0,0,9780,0,0,0,0,34500,0,15144,17330,17269,0,379108,0,23976,97780,0,19320,18793,31740,0,1548,45750,19026,0,14424,0,0,0,0,0,15162,131400,0,61380,0,0,0,0,0,22188,0,0,32499,34880,0,0,0,49548,6,61740,0,88105,0,25084,42505,0,0,0,0,0,297000,0,80220,0,0,104016,35936,66039,95610,0,22908,157880,45570,6040,240000,162000,0,0,189000,0,83260,0,0,81000,0,32760,0,0,123940,104022,67635,0,0,161952,111060,79929,0,98000,43780,91320,0,95200,123996,0,43370,0,119220,0,478020,95739,394189,0,402768,0,432000,47740,265060,167570,270000,40061,508100,97880,432939,321768,310920,228960,511430,1196752,688424,807480,950540,1164802,1200057,1039050,0,2842766,2875811,5811678,20630400,4875300,2392760,1672020,183000,651732,1158760,0,432492,276654,747260
2016-06,0,4100,0,0,1080,0,0,0,0,0,0,0,0,0,0,943,0,0,1800,0,8780,720,0,0,0,0,0,0,2,4,0,0,0,4960,6000,0,0,0,2160,0,0,1160,0,0,0,0,0,7195,0,4035,520,0,0,23712,0,0,0,0,0,0,5220,0,0,0,0,0,0,9205,0,8430,14892,38508,0,0,0,0,0,0,52488,104040,0,36360,36540,118060,0,0,0,0,7580,0,0,14960,0,0,0,0,18030,0,17472,19540,22502,0,388797,0,20664,105260,0,21940,14816,28177,0,60336,27780,19854,0,11628,0,0,0,0,0,19684,108960,0,19280,0,0,0,0,0,23208,0,0,23712,19200,0,0,0,90672,7812,61300,0,54420,0,25859,40634,0,0,0,0,0,270000,0,113860,0,0,262032,47354,59408,102150,0,15852,126300,46065,2540,108000,108000,0,0,216000,0,480,0,0,162000,0,24760,0,0,134720,109926,69180,0,0,107968,103120,80328,0,80000,62360,91992,0,32320,88380,0,153170,0,213660,0,395085,112728,257305,0,391224,0,405000,199700,197520,192550,135000,359520,377740,125720,341261,404784,78012,213860,590840,553179,665376,868080,730193,756734,1369360,1036980,0,2670101,2782621,5661962,20671940,4543220,2296840,1511880,129990,568740,1125600,105012,534000,250938,516460
2016-07,0,3270,0,0,1140,0,0,0,0,0,0,0,0,0,0,908,0,0,0,0,3950,3690,0,0,0,0,0,40,1,3,0,0,0,540,7662,370,0,4710,2420,0,0,2850,0,0,0,0,0,5677,0,2730,920,0,0,25344,0,0,0,0,0,0,5320,0,0,0,0,0,0,8600,0,11210,17016,35280,0,0,0,0,0,0,18990,0,0,38185,3980,58520,0,0,0,0,11580,0,0,4680,0,0,0,0,17550,0,16548,13270,21861,0,24867,0,32233,64020,0,17840,20607,30404,12000,123824,36915,27066,0,13548,0,0,0,0,0,17068,124980,0,24000,0,0,0,0,0,26310,0,0,28058,33160,0,0,0,33756,34012,48980,0,75940,0,27715,41684,0,0,0,0,0,135000,0,45660,0,0,106008,109356,65481,80650,0,17316,120220,43335,6340,108000,135000,0,0,459000,0,7380,0,0,189000,0,20620,0,0,103620,98712,65265,0,0,107968,99540,88367,0,80000,55024,93264,0,37180,77628,2273611,0,0,167526,0,345000,123223,247900,0,372162,0,367005,222600,231820,167240,121500,66520,441380,102980,332519,372924,468072,230320,496370,1012300,692550,787740,696213,636214,1452876,1023840,0,2809149,2843518,6231417,20267550,4937100,2366220,1494620,270000,617610,1058865,81000,349512,281854,601700
2016-08,0,190,0,0,150,0,0,0,0,0,0,0,0,0,0,1776,0,0,2020,0,4600,3680,0,0,0,0,0,3160,0,6220,0,0,0,4800,6972,2340,0,3610,2280,0,0,580,2860,0,0,0,0,4207,0,3885,233604,0,0,10356,0,0,0,0,1500,0,6460,0,0,0,0,0,0,9210,0,10770,12984,28860,0,0,0,0,0,0,38826,0,0,22872,15040,14660,0,0,0,0,13580,0,0,13900,0,0,0,0,15000,0,18432,22350,22414,0,0,0,17550,55740,0,19010,25060,30444,0,60084,41160,22230,0,19296,0,0,0,0,34400,19751,112120,0,21560,2060,0,0,0,0,26640,0,0,31396,21740,3540,0,0,30108,20592,62640,0,77780,0,32217,43853,0,0,0,0,0,0,0,16420,0,0,0,42067,69009,101710,0,37356,129300,47822,15480,17160,108000,0,0,513000,0,64620,0,0,189000,0,23180,0,0,128006,111960,71492,0,0,80976,122960,93589,0,139000,54942,95580,0,409260,97008,0,0,0,137681,0,351000,109804,304514,0,366156,0,364995,169480,210780,206760,237000,100100,665760,175180,289885,382361,360048,272940,509420,256360,607392,888640,800026,866462,1184465,1053750,0,3138209,3130597,6550511,21189070,4424453,2266220,1657500,243000,598349,1036260,135024,390000,344356,557411
2016-09,0,0,0,0,0,0,0,0,0,0,0,0,0,0,2440,1200,0,0,1060,6480,4520,0,0,0,0,0,0,3920,0,0,0,0,0,640,7326,4510,0,0,2300,0,0,1300,6760,0,0,4070,0,4988,0,3165,30,0,0,15300,0,0,0,0,460,0,6200,0,0,0,0,0,0,10496,0,9426,11992,30696,0,0,840,0,0,0,47772,0,0,30144,10300,0,0,0,28548,0,7540,0,0,6240,0,0,0,0,15330,0,16068,19370,21568,0,0,0,23561,69120,0,20476,25221,31344,0,57744,31335,21654,0,18828,0,0,0,0,48380,16562,189944,0,31462,120604,0,0,0,0,27540,0,0,25001,24320,27500,0,0,43464,19253,62600,0,89120,0,27155,42687,0,0,0,37000,0,0,0,12360,0,0,0,45017,68359,71240,0,41430,135560,51345,12930,630,81000,0,153460,378000,0,45440,0,0,189000,0,25100,157332,0,124720,110443,68865,0,0,80976,116040,79847,0,110360,46680,118732,0,220420,124008,0,0,0,136596,0,289005,106158,244738,0,343704,0,347010,184400,198564,179930,237990,114180,395700,233200,314068,284900,182028,224520,505490,286091,566262,819450,665524,841947,1267313,1016780,0,2772059,2847532,5499411,19577490,4060400,2164260,1596966,81000,557635,1139058,133992,584474,292755,568600
2016-10,0,0,0,0,0,0,0,0,0,0,0,0,0,0,3770,1000,0,0,360,56485,3360,0,0,2076,0,0,0,5030,0,0,0,0,0,1580,7908,5080,0,0,0,0,0,720,8530,0,0,6300,0,4507,0,5010,120,0,0,18732,0,0,0,0,0,0,6580,0,0,0,0,0,0,8700,0,9370,3996,36096,0,0,0,0,0,0,44460,0,0,32244,12600,0,0,0,41040,0,13780,0,0,11040,423704,0,0,0,15825,0,17436,14760,26122,0,0,0,27936,37300,10884,22310,25270,33468,24620,47124,32265,22911,0,17376,0,0,0,14040,34580,17024,75420,0,51760,166117,0,0,0,0,25716,0,0,22530,16540,6540,0,0,50532,28967,61080,0,120,0,65321,41700,0,0,0,43791,0,0,0,17440,0,0,0,40640,72528,64034,99760,37356,139620,44790,4840,0,135000,0,1218690,189000,0,58340,0,0,189000,0,23181,237740,0,121420,103134,69345,0,0,80976,110540,84322,0,52100,55000,116012,0,85720,127452,0,0,0,109794,319917,265995,105160,324033,0,81774,0,324000,91260,216500,161840,384090,381360,406460,236020,289858,458910,337044,274300,496610,1082939,661518,799430,759424,869843,958486,942510,0,2858700,2892997,6012190,19617440,4435264,2218148,1498020,0,597036,1269480,243000,527892,329907,650040
2016-11,0,0,0,0,0,0,0,0,0,0,0,0,0,0,2990,1104,0,0,0,16106,5880,0,0,2196,0,0,0,4940,0,0,9690,0,0,14620,7338,5030,0,4260,2280,0,0,420,7620,0,720,0,0,3922,0,3855,0,0,4928,16488,0,0,0,15246,0,0,6340,0,0,0,0,1820,1339,8660,0,10140,12000,33111,0,0,0,9299,27000,0,16272,0,0,31416,11230,25480,0,0,20700,0,0,0,0,9400,0,1512,0,0,13155,0,16416,22420,23490,0,14256,0,28128,0,51611,19980,20635,31620,44200,25686,26134,22281,0,20292,0,0,0,95020,55340,17010,0,0,26880,48082,0,0,0,0,21838,0,0,22786,27000,0,0,0,50028,20918,53700,0,0,0,43162,41324,0,0,31200,0,0,0,0,15320,0,0,0,44782,70084,104490,192860,24139,141980,41115,2140,15,81000,0,1280718,27000,0,14240,0,0,135000,0,24580,220614,0,112700,100765,61725,0,0,80976,84000,75350,0,135320,49360,126888,0,2540,113077,0,0,0,174450,423090,189000,100500,292882,0,0,0,291000,2660,217720,139820,352005,341060,134380,218360,354731,332182,260040,276740,460790,8423,609015,800500,677054,814954,1272537,910290,0,2676298,2670561,5760388,18308210,4231100,2174424,1451880,21000,449006,1028780,405000,385992,338114,596400
2016-12,0,0,0,788,0,0,0,0,0,2819,0,0,0,0,3080,1367,0,0,480,3799,300,0,0,3354,0,0,0,5440,0,0,13285,0,0,1160,7123,6380,0,2220,2360,0,0,2250,10350,2971,37403,0,0,5357,0,3480,0,0,41976,23304,0,0,0,48042,4860,0,5480,2717,0,0,0,14815,10231,7660,0,8840,3000,33636,0,0,0,60265,54000,0,44658,3570,0,33583,10240,1160,0,0,7296,0,13080,0,0,10060,0,26642,0,0,14595,0,22788,19420,18235,0,0,0,29844,0,62977,20360,19491,35688,28660,8154,33195,25320,0,21612,0,0,0,156200,21440,14735,0,0,25500,77907,0,0,0,0,21240,0,0,30532,25000,0,0,0,39024,26208,55280,0,0,0,24052,47963,0,0,0,0,0,4050,0,23260,0,0,0,65651,83325,111340,201980,32158,136820,46187,2160,135000,135000,0,631251,0,0,45080,0,0,159000,0,30900,255488,0,123080,95982,72705,1209200,0,53984,90600,103447,0,133000,60945,122232,0,2160,145769,0,0,0,137172,516978,189000,125760,390619,0,0,0,297015,15180,167140,143990,513000,459080,60940,280063,401917,401160,230004,279840,507740,186120,661734,826000,689812,915622,1371017,1101300,0,2904575,2846919,5887071,20344080,4245676,2176334,1325140,0,618625,997400,351000,243000,427989,604420
2017-01,0,0,0,1479,0,0,33000,0,0,2647,0,0,0,0,4080,1101,0,0,680,0,4560,0,0,2448,0,0,0,6670,0,4,0,0,0,2600,6882,7550,0,0,2260,0,0,4145,8380,6259,435,0,0,3624,0,4140,0,0,0,0,0,0,19686,0,0,0,5580,5770,0,0,0,15102,14497,8564,0,9510,20004,60,0,0,0,0,13500,0,7218,0,0,0,10585,15620,0,0,5124,0,4760,0,60082,14720,175957,24230,0,0,10440,108585,22224,17230,23353,0,0,0,60,0,55637,17070,24345,33396,47820,21168,28515,23562,0,18384,0,0,0,71800,43880,21098,0,0,50500,230744,0,0,0,0,21072,0,0,26308,21680,580,0,0,35652,18375,62760,0,0,0,28321,40653,0,0,0,0,0,135000,0,33780,0,0,27000,43942,75641,85350,204700,46020,109020,48000,3000,27000,108000,0,0,336000,0,47060,0,0,162000,0,26300,378584,0,128640,86796,69945,0,0,134960,104480,87766,0,52000,52320,105660,0,67480,113544,0,0,0,172380,446724,162000,125177,245534,0,0,0,336990,45720,211900,154590,279000,430920,251760,259520,362163,450420,231048,243800,493680,1157428,669402,899900,787536,956440,1213719,1059830,0,2926121,2912778,6703806,20329870,4415660,2155600,1477840,9000,642508,998780,526500,597984,376827,530958
2017-02,0,0,0,986,0,0,0,0,0,2648,0,0,0,0,2520,1576,0,4290,480,0,0,0,0,2149,0,0,0,5372,0,0,0,103703,0,0,6120,5970,0,3490,2340,0,0,908,7120,6466,300,0,0,3149,0,2793,0,0,0,0,0,0,43790,0,0,0,4560,5120,0,0,0,16785,14785,8040,0,7350,10992,0,0,0,0,0,27000,0,9486,0,0,0,3100,6440,0,541057,30290,0,7020,0,68923,4880,3,25718,0,0,9093,98427,25752,14770,20029,0,0,0,0,0,54435,17220,19905,30768,49340,42102,24390,21222,0,7308,0,0,0,69100,14820,17712,0,0,6480,47776,0,0,0,0,20508,0,10,18744,20740,43480,0,0,33624,692,45980,1758855,0,0,29917,36234,0,0,0,0,0,216000,0,44880,0,0,54000,45706,83193,32170,141540,41604,93300,46380,446778,0,132000,0,0,216000,0,58866,0,0,270000,0,24300,383727,0,132561,93366,67665,0,2612778,107968,89780,78166,0,104000,40880,89784,0,26820,91992,77534,0,0,128220,430722,297000,107805,397473,0,0,0,370020,9640,188200,145560,178995,50280,366340,205040,333521,308616,430116,184380,462180,2984396,595800,789490,738411,885225,1122700,925120,0,2653564,2688398,4703365,18249740,4203220,1960440,1297280,0,649523,852060,189000,588948,388781,526580
2017-03,0,0,0,2189,0,0,18000,0,0,2712,0,0,0,1,3860,990,0,12760,840,0,0,0,0,3750,0,0,0,6190,0,0,0,0,0,0,6354,6940,0,2770,4180,0,0,410,9140,5763,0,0,0,5053,0,4425,0,0,0,0,0,0,0,0,0,200,6400,7309,0,0,0,18155,18288,11230,0,7930,8976,0,0,0,0,0,0,0,7416,0,0,0,7120,4340,0,0,45720,0,5040,0,25375,12500,8,27930,0,0,7740,4613,26160,21730,28026,0,0,0,0,0,54703,22210,30017,32988,74380,48834,15540,15030,0,14148,0,0,0,45760,15980,12981,0,0,10920,78560,0,0,0,0,22980,0,0,30264,22800,40720,0,0,44184,13971,50940,0,0,78560,23701,47380,0,0,0,0,0,81000,0,47360,0,0,55176,52703,92005,98430,161220,47508,122180,45870,3680,54000,27000,0,0,216000,0,49960,0,0,216000,0,24560,228206,0,156880,97608,71925,0,0,80976,101100,128646,0,136000,37460,108564,0,163340,108624,0,0,0,229428,483660,216000,214411,396147,0,0,0,261015,0,281200,174710,220005,128680,430080,219220,396813,467760,489096,224100,537360,5580,531594,989750,878371,929896,1256225,1111920,0,3001269,3072787,5154068,21215280,5318216,2113600,1589675,0,674589,855500,240000,887004,388535,561240
2017-04,0,0,0,1837,0,0,180,0,0,2202,0,0,13750,0,2890,1020,0,13250,520,0,0,0,13190,5298,12,0,0,5674,2,0,0,12026,0,0,0,6650,0,0,1900,0,0,2546,9124,6660,0,2692,0,2872,0,3375,100,0,0,0,0,0,54379,0,0,13200,5060,10648,0,0,0,16862,16747,7690,0,8030,9000,0,0,0,0,0,0,0,0,0,0,0,16720,40,0,0,36888,0,0,700,48533,7000,0,26663,0,0,9600,71201,0,14900,21383,0,0,0,0,0,35124,15510,21426,28728,58800,39258,10530,0,0,18372,0,0,0,51620,28220,0,0,0,53600,42166,0,0,0,0,19536,0,0,31406,21395,41520,0,15912,35580,16840,44660,0,0,26480,23055,44977,0,0,0,21981,0,0,0,31760,0,0,3984,42801,82476,88876,105560,41220,114100,42465,5017,54000,159000,0,0,54000,0,28880,0,0,189000,0,28880,269069,0,128820,76026,73700,0,0,80976,79080,79441,0,52000,43520,92208,0,68020,102456,0,24030,0,178361,398709,162015,111738,275746,0,3,0,345000,0,199600,176020,195000,57760,262780,179088,382553,353880,408096,225800,449790,2033845,0,823560,644015,760829,1219537,1111740,0,2473118,2521043,3819916,18010970,4129960,1946500,1481220,0,538656,816880,133008,861000,384956,514840
2017-05,0,0,0,3317,0,0,0,0,0,3464,27000,0,0,0,3910,930,0,13230,1760,0,0,0,13230,7830,7,0,0,5822,0,4260,0,0,0,5980,0,7980,0,0,2280,0,0,710,11680,8965,0,0,0,3962,0,5430,180,0,0,0,0,0,4293,0,0,13720,6270,20746,0,0,232233,25730,25034,8910,0,8670,32988,0,0,0,0,0,0,0,0,0,0,0,18120,1540,0,0,64044,0,0,0,20252,8580,0,36246,0,0,9450,6634,0,19720,27020,0,0,0,0,0,40692,20430,28199,33228,58080,57222,5310,0,0,20748,0,0,0,40220,19260,0,0,0,45420,12831,0,0,0,0,25872,0,0,40058,21460,51540,0,272772,36732,5366,48540,0,0,0,27025,45584,0,0,0,0,0,0,0,37940,0,0,131016,42185,96296,125830,157420,55308,129120,48450,3400,0,89970,0,0,0,0,54260,0,0,186000,0,25900,274383,0,157520,102984,91515,0,6094,53984,92380,112680,0,104000,41820,110976,0,34060,97140,0,0,0,183384,497106,270000,171363,321585,0,0,0,396015,20260,258200,205000,270000,33260,574380,196120,375499,408072,282060,217420,522050,1010540,0,1115760,805288,969092,1103144,1096880,0,3027614,2991876,4994304,21084630,5013140,2330440,1799400,24000,644892,934840,324000,936000,444030,559200
2017-06,0,0,0,2022,0,0,0,0,0,2897,4995,0,0,0,3366,1540,40,11110,700,0,0,0,13122,6294,0,0,0,5764,1,4650,0,0,0,0,6,7560,0,0,2360,0,264,1173,10018,11613,0,16120,7569,3168,0,3990,50,0,0,0,0,0,54533,0,1900,8560,6180,15763,0,0,74934,23442,20570,8160,0,7900,15994,24,0,0,0,0,0,0,0,60,0,0,0,0,0,524,38544,0,5000,0,49400,8460,0,40145,0,100,8354,98055,0,13630,26929,0,0,0,0,0,42319,16574,27974,31671,77520,49716,3270,12,2780,17472,0,0,0,31180,18920,0,0,113506,8280,18278,0,0,0,3100,23800,24,0,33405,10420,42300,0,257826,31932,11438,47440,0,40,0,35900,41459,0,0,0,137019,4820,3630,3640,30020,5640,60,262980,39725,88450,106816,139702,40772,7640,42825,3400,108000,153990,1360,0,0,0,25960,0,0,216000,2655,21080,275599,0,125880,101941,102600,0,6257,54710,83780,94541,40,92000,39780,101568,0,17820,88028,0,0,12700,155228,385314,243000,109688,385376,12020,0,0,343005,2505,263720,175120,245655,23060,536840,174775,442175,391884,26004,235480,509020,3570790,0,1102780,882919,1042351,1253474,1078480,0,2742897,2944576,4363143,20555180,4982360,2385239,2134720,27000,649849,954580,324016,904816,389030,511980
2017-07,0,0,0,3360,0,0,2000,0,0,3012,0,0,0,0,3490,1136,0,6150,680,0,0,0,0,4860,0,0,0,6444,0,1694,0,0,0,0,0,7584,0,4340,1580,0,0,520,9600,8981,0,17683,0,5516,0,4905,0,0,0,0,0,0,0,0,0,80,6020,22258,0,0,0,25927,28216,9131,0,10801,12000,0,0,0,0,0,0,0,0,0,0,0,0,0,0,0,38868,0,0,0,33576,8020,0,41300,0,0,7815,5698,0,17030,27967,0,0,0,0,0,50077,19291,27993,32088,60020,57024,360,0,0,16800,0,0,0,43280,22340,0,0,134180,50120,57038,0,0,0,0,23256,0,0,36964,25160,48540,0,12438,29752,6989,46421,0,0,28080,27906,46566,0,0,18200,220231,0,0,0,32160,0,0,81000,43096,96663,122866,156400,39568,0,45930,8800,0,108000,0,90,0,0,25100,0,0,54000,0,21600,258447,0,123280,126708,111825,0,0,134960,116600,81902,0,112000,40686,97825,0,203780,110628,0,0,0,135585,403758,429000,113329,331438,0,1,0,384990,0,269380,179240,162000,19200,363100,168180,467644,308065,317568,209060,525870,2627551,0,1090630,943673,1089707,1268329,1126550,0,2922070,3031977,4435414,21473570,5243252,2452900,1451100,34995,729941,845100,540000,1008000,382407,511800
2017-08,0,0,0,4946,0,0,0,0,0,4279,0,0,0,0,3970,1776,0,4430,1373,0,0,0,13185,6150,0,0,0,6150,0,32957,0,0,0,0,0,6748,0,0,4180,0,0,0,10644,12302,0,0,0,5128,0,4163,0,0,0,0,0,0,35441,0,0,580,7800,23028,0,0,0,21697,28155,7480,0,9100,6000,0,0,0,0,0,0,0,0,0,0,0,0,0,0,0,53880,0,0,0,52619,7916,0,53616,0,0,10020,67210,0,6191,30914,0,0,0,0,0,51692,21730,33678,33804,51860,50346,0,0,0,17696,54000,0,0,45740,18740,0,0,135020,45180,109548,0,0,0,0,24209,0,0,44386,21740,78900,0,76236,26462,9016,49202,0,0,0,29345,43480,0,0,0,0,0,750,0,21740,0,0,0,54444,109412,98888,169140,52790,0,48705,7700,54000,54000,0,0,3300,0,27000,0,0,162000,0,19840,0,0,123440,163434,108180,0,0,107968,118740,111447,0,52000,43080,98414,0,115000,136912,0,0,0,155544,481050,378000,146725,274298,0,0,0,399000,9040,388120,223460,297000,45740,570120,191290,348027,361134,390660,259060,549520,726160,0,1170340,822345,946102,1154159,1152850,0,3131184,3160927,5085817,22542480,5672144,2512378,1523360,0,832063,891181,405000,1294500,406998,542362
2017-09,0,0,0,4881,0,0,0,0,0,4190,0,0,0,0,3814,1118,0,4584,780,0,0,0,0,7260,1540,0,0,6334,13040,9463,0,0,0,0,0,7238,0,0,2080,0,0,1700,10604,13121,0,64708,0,4509,0,3825,0,0,0,0,0,0,0,0,0,80,7640,35287,0,0,0,22797,27543,8492,0,10271,39960,0,0,0,0,0,0,0,0,0,12300,0,0,0,0,0,50856,0,0,0,19733,5040,0,50085,97160,0,6240,6443,0,2020,26528,0,0,0,0,0,54195,20772,28854,33864,61880,63648,0,0,0,14700,81000,0,610000,49760,9500,0,0,126245,25840,76275,0,0,0,0,20976,0,0,33806,18840,71560,0,171117,15540,12922,45342,0,0,0,31821,34008,0,0,0,643704,0,0,0,17860,0,0,0,71957,109045,99808,115800,52120,0,46665,19180,54000,162000,0,0,12000,1532094,32980,606170,0,108000,0,22340,697731,0,104740,134790,96015,0,0,107040,107280,106716,0,116000,37460,99540,0,409160,132162,0,0,0,133428,512871,446985,126120,279194,0,3,0,333975,0,362060,206810,161925,19940,412040,230760,425568,299800,364056,271880,524960,1498509,0,1073050,616269,717421,1644593,1053000,0,2767461,2774104,5205685,20345240,5232998,2147000,1439100,42990,688620,784960,270000,1071600,441764,567880
2017-10,0,0,0,6228,0,0,0,0,0,5446,0,0,0,0,4052,1146,0,5700,1100,0,0,0,0,6558,1800,0,0,7897,13670,15325,0,0,0,0,0,8072,0,1550,2200,0,0,1180,11488,17777,0,11855,0,7444,0,6060,0,640,0,0,0,0,42239,0,0,140,7160,33374,0,0,19100,21902,27298,7763,0,9130,19992,0,0,0,0,0,0,0,0,0,113020,0,0,0,0,0,31164,0,0,0,68472,11000,0,51558,128490,0,5145,87911,0,2240,33813,0,0,0,0,0,56157,21010,34582,35742,50840,32922,0,0,0,15648,81000,0,0,50700,9400,0,0,135040,9000,29478,0,0,0,0,22998,0,0,40092,16340,9280,0,186579,14220,14461,47360,0,0,0,27946,32239,0,0,0,146011,0,0,0,24820,0,0,0,61250,112140,106740,131120,52476,20,45315,4960,135000,108000,0,0,0,1050158,54840,512300,0,135000,0,19560,62070,0,98720,124692,93469,0,0,80976,96340,102404,0,104000,35904,106128,0,268600,122940,0,0,0,180222,503940,384990,122385,264771,0,24,0,351000,201420,375580,187910,459000,24000,164980,228700,469805,292638,0,220980,498560,729980,0,1088580,728193,896888,1531936,1063750,0,2797671,2795914,4955758,20556140,4969660,2298900,1449810,0,767990,754450,594000,795492,461910,707800
2017-11,0,0,0,3704,0,0,0,0,0,5923,0,0,0,0,3282,1150,0,2170,1000,0,0,0,13230,6738,1700,0,0,6262,12230,4697,8018,0,119421,0,0,8008,0,1737,2300,0,0,5460,10242,11956,7665,15659,0,4170,0,4140,0,57420,9824,0,0,0,1652,7740,1440,2060,6220,29757,0,0,0,25322,28238,7743,0,9442,9996,0,396362,0,31800,28050,0,0,0,0,108000,0,16240,0,0,0,1945,0,4200,0,14201,7880,0,54810,105300,0,6165,13956,0,1260,31536,0,0,0,0,0,48659,17172,32849,32394,46800,3,0,0,0,17512,81000,0,121298,55100,6860,0,0,125380,15860,5161,0,0,0,0,26100,0,0,36159,18740,1480,0,185475,9840,14319,38400,0,0,0,28329,37208,0,0,0,121244,0,0,0,32220,0,0,0,56579,113590,71178,152980,58920,0,46215,2003320,0,108000,0,0,0,707830,42600,553670,0,162000,0,22300,0,0,73160,127299,91140,1128450,2200081,80976,94520,96441,0,108000,45310,93612,0,164020,99991,0,0,0,156757,529128,351000,135111,191352,0,0,0,313995,112420,287900,165790,459000,8040,92060,199700,378761,356629,406632,157900,487500,754153,0,1057930,751573,829559,1353622,1035680,0,2745108,2776288,4519263,19858780,4705041,2046271,1665454,0,659678,784720,297000,720000,429205,656900
2017-12,0,0,4425,5787,0,0,0,0,0,5988,0,0,0,0,4392,1776,0,0,820,0,0,0,13860,11526,0,0,0,5382,31760,22471,27390,0,0,0,0,7063,0,0,1860,0,0,1693,8872,25972,6435,16200,0,5775,0,2475,0,62440,59923,0,0,0,11023,84834,0,9195,5700,37413,0,0,0,29770,30216,7940,0,9560,13992,0,0,0,0,137173,0,0,0,0,108000,0,26017,0,0,0,12985,0,0,0,84732,7900,0,60933,88830,0,8385,89444,0,3761,23646,0,0,0,0,0,60731,19148,24474,13488,54520,0,0,0,0,17988,54000,0,27580,114300,12980,0,0,119132,23340,163,0,0,0,0,25469,0,0,36827,17540,0,0,178458,22260,23414,40140,0,0,0,23448,42672,0,0,0,186233,0,0,0,27720,0,0,14112,61158,69072,106394,140760,60360,0,40995,6060,26490,108000,0,0,0,0,53300,592050,0,189000,0,17880,0,0,83140,88740,93645,1090020,0,80976,85000,113419,0,84000,66380,98092,0,71840,95728,0,0,0,142120,565128,232997,133203,254898,0,0,0,292995,30200,291600,221390,324000,120920,182580,212760,449693,333864,545904,106440,521300,234843,0,1151500,860957,1097243,1416671,1143410,0,2915950,2879113,4777582,21742140,5249664,2253929,1551846,108000,808360,837920,162000,675000,436068,580395
2018-01,0,0,18891,4106,0,0,0,0,0,4989,0,0,13500,0,4630,2312,0,0,700,0,0,0,0,7476,4380,0,0,5670,15890,2124,0,0,0,0,0,7670,0,6270,2220,0,0,1720,11320,20005,0,16650,0,7717,0,4696,0,33360,0,0,0,0,0,1152,0,0,8163,30553,0,0,0,27877,31924,8371,0,11181,28996,0,0,0,0,1530,0,0,0,0,108000,0,7260,0,0,0,29700,0,3960,0,6171,8060,0,54754,115950,0,10800,6513,0,2400,32065,0,0,0,0,0,49761,21935,40147,30324,42860,42336,0,0,0,17436,81000,0,123540,55640,15100,0,0,115360,36940,12525,0,0,0,0,28345,0,0,33317,27820,10560,0,176004,26293,15511,49561,0,0,0,38686,46830,0,0,0,180699,0,0,0,31260,0,0,0,80734,102228,109994,113720,57553,40,41705,12880,159960,108000,0,0,0,64534,29660,624970,0,237000,0,19440,316231,0,69620,100436,115020,482500,0,53984,84560,107594,0,82000,53024,95964,0,149280,89868,0,0,0,149726,501960,264000,146419,288435,0,0,0,360990,109680,485960,162560,276600,317200,270620,180020,363509,330456,286044,181760,525460,20860,0,1177360,880011,977388,1346067,1180880,0,3114404,3206590,4999266,22027110,5353940,2255040,1399300,513000,805623,716300,243000,575400,484591,539160
2018-02,0,0,26156,4336,0,0,0,0,0,4728,0,0,0,0,2824,2046,0,0,2340,0,0,0,13620,9618,4644,0,0,4314,21390,450,0,0,0,0,0,6624,0,12,2140,0,0,140,8212,17623,15,0,0,4890,0,4020,0,87060,16,0,0,0,6902,54,0,0,7180,28003,0,0,0,22412,25412,6741,0,8221,8988,0,0,0,0,799,0,0,0,0,0,0,5280,0,0,0,26568,0,0,0,38151,6360,0,49143,106970,0,14040,40856,0,3147,31333,0,0,0,0,0,45228,18435,29702,18996,46180,12888,0,0,0,4044,54000,0,146095,40020,16680,0,0,93720,29000,10383,0,0,0,0,25476,0,0,33960,19540,34100,0,150984,16728,9356,45580,0,0,0,19971,39680,0,0,0,15791,0,0,0,12300,0,0,0,45062,75314,95092,117600,50448,0,29055,40,377490,54000,0,36,0,0,23940,523870,0,135000,0,18640,201585,0,65660,116419,88035,892860,0,107968,73320,111633,0,92000,53600,107064,0,60780,112128,0,0,0,112044,489222,270000,189408,261568,0,0,0,287985,396400,340420,191480,294600,94620,347740,141680,368698,267951,52008,119580,467070,699806,0,1045160,807388,951748,1104904,975880,0,2614220,2658094,4286869,19171090,4797400,2081440,1223380,432000,719270,623960,405000,366000,453955,420820
